Name,Address,Number
ayush,dl,2345678901
abhay,up,3456789012
divyanshu,ga,4567890123
arjun,ka,1234567890
Rohit,MH,9876543210
Sakshi,BR,8765432109
Neha,TN,7654321098
Rahul,KL,6543210987
Anjali,GJ,5432109876
Vikram,RJ,4321098765
Pooja,MP,3210987654
Siddharth,WB,2109876543
Karan,HP,1098765432
Tanvi,JK,9988776655
Aman,OR,8877665544
Riya,PB,7766554433
Shivam,CG,6655443322
Simran,HR,5544332211
Aditya,JH,4433221100
Priya,TS,3322110099
Manish,UP,2211009988
Meera,DL,1100998877
Ankit,KA,9998887776
Neel,MP,8887776665
Shreya,GJ,7776665554
Arnav,RJ,6665554443
Ishita,TN,5554443332
Varun,KL,4443332221
Tanya,BR,3332221110
Kunal,WB,2221110009
Anaya,HP,1110009998
Raghav,JK,1009998887
Sara,OR,9998877766
Dev,PB,8887766555
Rohan,CG,7776655444
Isha,HR,6665544333
Aryan,JH,5554433222
Diya,TS,4443322111
Yash,UP,3332211000
Aditi,DL,2221100999
Pranav,KA,1110099888
Anushka,MP,9999888777
Vivaan,GJ,8888777666
Esha,RJ,7777666555
Kabir,TN,6666555444
Mira,KL,5555444333
Neil,BR,4444333222
Kiara,WB,3333222111
Ritik,HP,2222111000
Alisha,JK,1111000999
Shaurya,OR,9999009888
Tara,PB,8888998777
Jay,CG,7777887666
Mehul,HR,6666776555
Nisha,JH,5555665444
Rudra,TS,4444554333
Anika,UP,3333443222
Aarav,DL,2222333111
Sanya,KA,1111222000
Pratik,MP,9999111988
Ira,GJ,8888111877
Dhruv,RJ,7777111766
Kiara,TN,6666111655
Veer,KL,5555111544
Anvi,BR,4444111433
Rishabh,WB,3333111322
Aahana,HP,2222111211
Reyansh,JK,1111001100
Myra,OR,9999000999
Samar,PB,8888999888
Nivaan,CG,7777888777
Aanya,HR,6666777666
Shaan,JH,5555666555
Pari,TS,4444555444
Raghav,UP,3333444333
Ishaan,DL,2222333222
Diya,KA,1111222111
Arya,MP,9999111000
Krishna,GJ,8888111888
Ansh,RJ,7777111777
Tanish,TN,6666111666
Aarohi,KL,5555111555
Vivaan,BR,4444111444
Kiara,WB,3333111333
Rohan,HP,2222111222
Saanvi,JK,1111001111
Ayaan,OR,9999000009
Meera,PB,8888999998
Advait,CG,7777888887
Anaya,HR,6666777776
Ritik,JH,5555666665
Tara,TS,4444555554
Aarav,UP,3333444443
Ira,DL,2222333332
Kabir,KA,1111222221
Diya,MP,9999111110
Rishabh,GJ,8888111109
Myra,RJ,7777111098
Samar,TN,6666111087
Nivaan,KL,5555111076
Aanya,BR,4444111065
Shaurya,WB,3333111054
Pari,HP,2222111043

